{
 "mdsDat": {
 "x": [ 0.2727163, 0.1797555, -0.0927974, -0.1924454, -0.167229 ],
"y": [ 0.06211695, -0.1604448, 0.3351742, -0.134684, -0.1021623 ],
"topics": [ 1, 2, 3, 4, 5 ],
"Freq": [ 28.10553, 19.94888, 19.27422, 16.73316, 15.93821 ],
"cluster": [        1,        1,        1,        1,        1 ] 
},
"tinfo": {
 "Term": [ "公园", "不错", "好去处", "休闲", "永阳", "荷花", "中", "绿化", "地方", "烈日", "门", "荷塘", "蜻蜓", "广场", "湖中", "阳光", "有山有水", "鱼儿", "都市", "喷泉", "环境", "位于", "景色", "里", "林荫", "散散步", "上班", "晚上", "自然", "山丘", "都市", "喷泉", "景色", "里", "林荫", "散散步", "上班", "晚上", "自然", "玻璃钢", "布局", "池塘", "错落", "哒", "典雅", "东路", "锻炼", "风景", "感", "干净", "好看", "花", "花坛", "既有", "假山", "架桥", "间", "交通", "近赏", "精致", "不错", "好去处", "休闲", "环境", "位于", "安静", "奥林匹克公园", "不太大", "城市", "吃饭", "传统", "翠绿", "发展", "饭后", "干净利落", "工整", "过渡", "还好", "很棒", "后花园", "湖水", "花鸟", "尽情", "科技", "可贵", "老人", "离得", "旅游", "美美", "南郊", "地方", "烈日", "门", "安置", "包括", "朝南", "车", "淙淙", "错过", "大片", "大小", "单位", "倒", "独具一格", "高坡", "各异", "公交", "行进", "呵护", "很近", "红色", "湖上", "花草树木", "花容", "火锅", "夹竹桃", "娇艳", "精心", "廊桥", "辽阔", "绿化", "广场", "湖中", "阳光", "有山有水", "鱼儿", "参天", "沉浸", "翅膀", "传来", "吹", "低垂", "点儿", "锻炼身体", "拂起", "浮起", "观赏", "湖边", "湖面", "画卷", "尖尖角", "懒洋洋", "落", "美景", "美丽", "跑步", "蛐蛐", "去处", "萨克斯", "煽动", "荷花", "中", "荷塘", "蜻蜓", "苞", "脖子", "成片", "成群", "穿梭", "垂柳", "点", "泛起", "芳香", "仿佛", "高楼大厦", "含苞待放", "很小", "湖岸", "花香", "几只", "叫声", "接近", "锦鲤", "景致", "涟漪", "露", "木桥", "木枝", "确", "山水", "公园", "永阳", "永阳", "公园", "免费", "山丘", "免费", "山丘" ],
"logprob": [       30,       29,       28,       27,       26,       25,       24,       23,       22,       21,       20,       19,       18,       17,       16,       15,       14,       13,       12,       11,       10,        9,        8,        7,        6,        5,        4,        3,        2,        1,  -3.5552,  -3.5552,  -3.9573,  -3.9573,  -3.9573,  -3.9573,  -3.9573,  -3.9573,  -3.9573,  -4.6406,  -4.6406,  -4.6406,  -4.6406,  -4.6406,  -4.6406,  -4.6406,  -4.6406,  -4.6406,  -4.6406,  -4.6406,  -4.6406,  -4.6406,  -4.6406,  -4.6406,  -4.6406,  -4.6406,  -4.6406,  -4.6406,  -4.6406,  -4.6406,  -2.7392,  -2.9613,  -2.9613,  -3.6495,  -3.6495,  -4.3328,  -4.3328,  -4.3328,  -4.3328,  -4.3328,  -4.3328,  -4.3328,  -4.3328,  -4.3328,  -4.3328,  -4.3328,  -4.3328,  -4.3328,  -4.3328,  -4.3328,  -4.3328,  -4.3328,  -4.3328,  -4.3328,  -4.3328,  -4.3328,  -4.3328,  -4.3328,  -4.3328,  -4.3328,  -3.1808,  -3.1808,  -3.1808,  -4.2663,  -4.2663,  -4.2663,  -4.2663,  -4.2663,  -4.2663,  -4.2663,  -4.2663,  -4.2663,  -4.2663,  -4.2663,  -4.2663,  -4.2663,  -4.2663,  -4.2663,  -4.2663,  -4.2663,  -4.2663,  -4.2663,  -4.2663,  -4.2663,  -4.2663,  -4.2663,  -4.2663,  -4.2663,  -4.2663,  -4.2663,  -3.0486,  -3.4508,  -3.4508,  -3.4508,  -3.4508,  -3.4508,  -4.1341,  -4.1341,  -4.1341,  -4.1341,  -4.1341,  -4.1341,  -4.1341,  -4.1341,  -4.1341,  -4.1341,  -4.1341,  -4.1341,  -4.1341,  -4.1341,  -4.1341,  -4.1341,  -4.1341,  -4.1341,  -4.1341,  -4.1341,  -4.1341,  -4.1341,  -4.1341,  -4.1341,  -3.0004,  -3.0004,  -3.4025,  -3.4025,  -4.0858,  -4.0858,  -4.0858,  -4.0858,  -4.0858,  -4.0858,  -4.0858,  -4.0858,  -4.0858,  -4.0858,  -4.0858,  -4.0858,  -4.0858,  -4.0858,  -4.0858,  -4.0858,  -4.0858,  -4.0858,  -4.0858,  -4.0858,  -4.0858,  -4.0858,  -4.0858,  -4.0858,  -4.0858,  -4.0858,   -1.826,  -2.8948,  -3.9573,  -3.2473,  -4.3328,  -4.3328,  -4.1341,  -4.0858 ],
"loglift": [       30,       29,       28,       27,       26,       25,       24,       23,       22,       21,       20,       19,       18,       17,       16,       15,       14,       13,       12,       11,       10,        9,        8,        7,        6,        5,        4,        3,        2,        1,   1.2435,   1.2435,    1.231,    1.231,    1.231,    1.231,    1.231,    1.231,    1.231,   1.1948,   1.1948,   1.1948,   1.1948,   1.1948,   1.1948,   1.1948,   1.1948,   1.1948,   1.1948,   1.1948,   1.1948,   1.1948,   1.1948,   1.1948,   1.1948,   1.1948,   1.1948,   1.1948,   1.1948,   1.1948,   1.5957,   1.5917,   1.5917,   1.5721,   1.5721,   1.5344,   1.5344,   1.5344,   1.5344,   1.5344,   1.5344,   1.5344,   1.5344,   1.5344,   1.5344,   1.5344,   1.5344,   1.5344,   1.5344,   1.5344,   1.5344,   1.5344,   1.5344,   1.5344,   1.5344,   1.5344,   1.5344,   1.5344,   1.5344,   1.5344,   1.6206,   1.6206,   1.6206,   1.5718,   1.5718,   1.5718,   1.5718,   1.5718,   1.5718,   1.5718,   1.5718,   1.5718,   1.5718,   1.5718,   1.5718,   1.5718,   1.5718,   1.5718,   1.5718,   1.5718,   1.5718,   1.5718,   1.5718,   1.5718,   1.5718,   1.5718,   1.5718,   1.5718,   1.5718,   1.5718,   1.7616,    1.749,    1.749,    1.749,    1.749,    1.749,   1.7123,   1.7123,   1.7123,   1.7123,   1.7123,   1.7123,   1.7123,   1.7123,   1.7123,   1.7123,   1.7123,   1.7123,   1.7123,   1.7123,   1.7123,   1.7123,   1.7123,   1.7123,   1.7123,   1.7123,   1.7123,   1.7123,   1.7123,   1.7123,   1.8103,   1.8103,   1.7976,   1.7976,   1.7609,   1.7609,   1.7609,   1.7609,   1.7609,   1.7609,   1.7609,   1.7609,   1.7609,   1.7609,   1.7609,   1.7609,   1.7609,   1.7609,   1.7609,   1.7609,   1.7609,   1.7609,   1.7609,   1.7609,   1.7609,   1.7609,   1.7609,   1.7609,   1.7609,   1.7609,   1.1081,   1.2286,   0.1661,  -0.3132,   0.8778,    0.878,   1.0765,    1.125 ],
"Freq": [       18,        4,        3,        3,        5,        2,        2,        2,        2,        2,        2,        1,        1,        1,        1,        1,        1,        1,        2,        2,        1,        1,        1,        1,        1,        1,        1,        1,        1,        1, 2.827148, 2.827148, 1.891006, 1.891006, 1.891006, 1.891006, 1.891006, 1.891006, 1.891006, 0.9548645, 0.9548645, 0.9548645, 0.9548645, 0.9548645, 0.9548645, 0.9548645, 0.9548645, 0.9548645, 0.9548645, 0.9548645, 0.9548645, 0.9548645, 0.9548645, 0.9548645, 0.9548645, 0.9548645, 0.9548645, 0.9548645, 0.9548645, 0.9548645, 4.537908, 3.633942, 3.633942, 1.826011, 1.826011, 0.9220451, 0.9220451, 0.9220451, 0.9220451, 0.9220451, 0.9220451, 0.9220451, 0.9220451, 0.9220451, 0.9220451, 0.9220451, 0.9220451, 0.9220451, 0.9220451, 0.9220451, 0.9220451, 0.9220451, 0.9220451, 0.9220451, 0.9220451, 0.9220451, 0.9220451, 0.9220451, 0.9220451, 0.9220451, 2.819107, 2.819107, 2.819107, 0.9521487, 0.9521487, 0.9521487, 0.9521487, 0.9521487, 0.9521487, 0.9521487, 0.9521487, 0.9521487, 0.9521487, 0.9521487, 0.9521487, 0.9521487, 0.9521487, 0.9521487, 0.9521487, 0.9521487, 0.9521487, 0.9521487, 0.9521487, 0.9521487, 0.9521487, 0.9521487, 0.9521487, 0.9521487, 0.9521487, 0.9521487, 2.793345, 1.868396, 1.868396, 1.868396, 1.868396, 1.868396, 0.9434476, 0.9434476, 0.9434476, 0.9434476, 0.9434476, 0.9434476, 0.9434476, 0.9434476, 0.9434476, 0.9434476, 0.9434476, 0.9434476, 0.9434476, 0.9434476, 0.9434476, 0.9434476, 0.9434476, 0.9434476, 0.9434476, 0.9434476, 0.9434476, 0.9434476, 0.9434476, 0.9434476, 2.792181, 2.792181, 1.867618, 1.867618, 0.9430545, 0.9430545, 0.9430545, 0.9430545, 0.9430545, 0.9430545, 0.9430545, 0.9430545, 0.9430545, 0.9430545, 0.9430545, 0.9430545, 0.9430545, 0.9430545, 0.9430545, 0.9430545, 0.9430545, 0.9430545, 0.9430545, 0.9430545, 0.9430545, 0.9430545, 0.9430545, 0.9430545, 0.9430545, 0.9430545, 15.93313, 3.752586, 1.891006, 2.729977, 0.9220451, 0.9220451, 0.9434476, 0.9430545 ],